{"worry about": {"freq": 2, "percent": 0.03743215422047539}, "worry about their": {"freq": 2, "percent": 0.0380952380952381}, "to worry": {"freq": 1, "percent": 0.018716077110237695}, "having to worry": {"freq": 1, "percent": 0.01904761904761905}, "to worry about": {"freq": 1, "percent": 0.01904761904761905}, "without having to worry": {"freq": 1, "percent": 0.019387359441644048}, "having to worry about": {"freq": 1, "percent": 0.019387359441644048}, "to worry about their": {"freq": 1, "percent": 0.019387359441644048}, "worry about their savings": {"freq": 1, "percent": 0.019387359441644048}, "needs without having to worry": {"freq": 1, "percent": 0.01973554371422933}, "without having to worry about": {"freq": 1, "percent": 0.01973554371422933}, "having to worry about their": {"freq": 1, "percent": 0.01973554371422933}, "to worry about their savings": {"freq": 1, "percent": 0.01973554371422933}, "worry about their savings after": {"freq": 1, "percent": 0.01973554371422933}, "tertiary needs without having to worry": {"freq": 1, "percent": 0.02009646302250804}, "needs without having to worry about": {"freq": 1, "percent": 0.02009646302250804}, "without having to worry about their": {"freq": 1, "percent": 0.02009646302250804}, "having to worry about their savings": {"freq": 1, "percent": 0.02009646302250804}, "to worry about their savings after": {"freq": 1, "percent": 0.02009646302250804}, "worry about their savings after shopping": {"freq": 1, "percent": 0.02009646302250804}, "even tertiary needs without having to worry": {"freq": 1, "percent": 0.020470829068577275}, "tertiary needs without having to worry about": {"freq": 1, "percent": 0.020470829068577275}, "needs without having to worry about their": {"freq": 1, "percent": 0.020470829068577275}, "without having to worry about their savings": {"freq": 1, "percent": 0.020470829068577275}, "having to worry about their savings after": {"freq": 1, "percent": 0.020470829068577275}, "to worry about their savings after shopping": {"freq": 1, "percent": 0.020470829068577275}, "even tertiary needs without having to worry about": {"freq": 1, "percent": 0.020855057351407715}, "tertiary needs without having to worry about their": {"freq": 1, "percent": 0.020855057351407715}, "needs without having to worry about their savings": {"freq": 1, "percent": 0.020855057351407715}, "without having to worry about their savings after": {"freq": 1, "percent": 0.020855057351407715}, "having to worry about their savings after shopping": {"freq": 1, "percent": 0.020855057351407715}, "even tertiary needs without having to worry about their": {"freq": 1, "percent": 0.021244954323348206}, "tertiary needs without having to worry about their savings": {"freq": 1, "percent": 0.021244954323348206}, "needs without having to worry about their savings after": {"freq": 1, "percent": 0.021244954323348206}, "without having to worry about their savings after shopping": {"freq": 1, "percent": 0.021244954323348206}, "even tertiary needs without having to worry about their savings": {"freq": 1, "percent": 0.02164033758926639}, "tertiary needs without having to worry about their savings after": {"freq": 1, "percent": 0.02164033758926639}, "needs without having to worry about their savings after shopping": {"freq": 1, "percent": 0.02164033758926639}, "even tertiary needs without having to worry about their savings after": {"freq": 1, "percent": 0.022036139268400177}, "tertiary needs without having to worry about their savings after shopping": {"freq": 1, "percent": 0.022036139268400177}, "even tertiary needs without having to worry about their savings after shopping": {"freq": 1, "percent": 0.02243661655822302}}