{"achieve financial": {"freq": 8, "percent": 0.14972861688190156}, "financial freedom": {"freq": 19, "percent": 0.3556054650945162}, "to achieve financial": {"freq": 8, "percent": 0.1523809523809524}, "achieve financial freedom": {"freq": 8, "percent": 0.1523809523809524}, "to achieve financial freedom": {"freq": 8, "percent": 0.15509887553315238}, "financial freedom at": {"freq": 6, "percent": 0.1142857142857143}, "achieve financial freedom at": {"freq": 4, "percent": 0.07754943776657619}, "financial freedom at a": {"freq": 6, "percent": 0.11632415664986429}, "to achieve financial freedom at": {"freq": 4, "percent": 0.07894217485691732}, "achieve financial freedom at a": {"freq": 4, "percent": 0.07894217485691732}, "financial freedom at a young": {"freq": 5, "percent": 0.09867771857114663}, "to achieve financial freedom at a": {"freq": 4, "percent": 0.08038585209003216}, "achieve financial freedom at a young": {"freq": 4, "percent": 0.08038585209003216}, "to achieve financial freedom at a young": {"freq": 4, "percent": 0.0818833162743091}, "financial freedom at a young age": {"freq": 4, "percent": 0.08038585209003216}, "achieve financial freedom at a young age": {"freq": 3, "percent": 0.061412487205731836}, "to achieve financial freedom at a young age": {"freq": 3, "percent": 0.06256517205422316}, "want to achieve financial": {"freq": 1, "percent": 0.019387359441644048}, "you want to achieve financial": {"freq": 1, "percent": 0.01973554371422933}, "want to achieve financial freedom": {"freq": 1, "percent": 0.01973554371422933}, "When you want to achieve financial": {"freq": 1, "percent": 0.02009646302250804}, "you want to achieve financial freedom": {"freq": 1, "percent": 0.02009646302250804}, "want to achieve financial freedom at": {"freq": 1, "percent": 0.02009646302250804}, "When you want to achieve financial freedom": {"freq": 1, "percent": 0.020470829068577275}, "you want to achieve financial freedom at": {"freq": 1, "percent": 0.020470829068577275}, "want to achieve financial freedom at a": {"freq": 1, "percent": 0.020470829068577275}, "When you want to achieve financial freedom at": {"freq": 1, "percent": 0.020855057351407715}, "you want to achieve financial freedom at a": {"freq": 1, "percent": 0.020855057351407715}, "want to achieve financial freedom at a young": {"freq": 1, "percent": 0.020855057351407715}, "When you want to achieve financial freedom at a": {"freq": 1, "percent": 0.021244954323348206}, "you want to achieve financial freedom at a young": {"freq": 1, "percent": 0.021244954323348206}, "want to achieve financial freedom at a young age": {"freq": 1, "percent": 0.021244954323348206}, "When you want to achieve financial freedom at a young": {"freq": 1, "percent": 0.02164033758926639}, "you want to achieve financial freedom at a young age": {"freq": 1, "percent": 0.02164033758926639}, "When you want to achieve financial freedom at a young age": {"freq": 1, "percent": 0.022036139268400177}}