{"financial independence": {"freq": 2, "percent": 0.03743215422047539}, "independence is": {"freq": 1, "percent": 0.018716077110237695}, "is getting": {"freq": 1, "percent": 0.018716077110237695}, "getting out": {"freq": 1, "percent": 0.018716077110237695}, "out of": {"freq": 1, "percent": 0.018716077110237695}, "of debt": {"freq": 1, "percent": 0.018716077110237695}, "financial independence is": {"freq": 1, "percent": 0.01904761904761905}, "independence is getting": {"freq": 1, "percent": 0.01904761904761905}, "is getting out": {"freq": 1, "percent": 0.01904761904761905}, "getting out of": {"freq": 1, "percent": 0.01904761904761905}, "out of debt": {"freq": 1, "percent": 0.01904761904761905}, "financial independence is getting": {"freq": 1, "percent": 0.019387359441644048}, "independence is getting out": {"freq": 1, "percent": 0.019387359441644048}, "is getting out of": {"freq": 1, "percent": 0.019387359441644048}, "getting out of debt": {"freq": 1, "percent": 0.019387359441644048}, "financial independence is getting out": {"freq": 1, "percent": 0.01973554371422933}, "independence is getting out of": {"freq": 1, "percent": 0.01973554371422933}, "is getting out of debt": {"freq": 1, "percent": 0.01973554371422933}, "financial independence is getting out of": {"freq": 1, "percent": 0.02009646302250804}, "independence is getting out of debt": {"freq": 1, "percent": 0.02009646302250804}, "financial independence is getting out of debt": {"freq": 1, "percent": 0.020470829068577275}}