{"to achieve": {"freq": 9, "percent": 0.16844469399213924}, "achieve financial": {"freq": 8, "percent": 0.14972861688190156}, "to achieve financial": {"freq": 8, "percent": 0.1523809523809524}, "achieve financial freedom": {"freq": 8, "percent": 0.1523809523809524}, "to achieve financial freedom": {"freq": 8, "percent": 0.15509887553315238}, "achieve financial freedom at": {"freq": 4, "percent": 0.07754943776657619}, "to achieve financial freedom at": {"freq": 4, "percent": 0.07894217485691732}, "achieve financial freedom at a": {"freq": 4, "percent": 0.07894217485691732}, "to achieve financial freedom at a": {"freq": 4, "percent": 0.08038585209003216}, "achieve financial freedom at a young": {"freq": 4, "percent": 0.08038585209003216}, "to achieve financial freedom at a young": {"freq": 4, "percent": 0.0818833162743091}, "achieve financial freedom at a young age": {"freq": 3, "percent": 0.061412487205731836}, "to achieve financial freedom at a young age": {"freq": 3, "percent": 0.06256517205422316}, "want to achieve": {"freq": 1, "percent": 0.01904761904761905}, "you want to achieve": {"freq": 1, "percent": 0.019387359441644048}, "want to achieve financial": {"freq": 1, "percent": 0.019387359441644048}, "When you want to achieve": {"freq": 1, "percent": 0.01973554371422933}, "you want to achieve financial": {"freq": 1, "percent": 0.01973554371422933}, "want to achieve financial freedom": {"freq": 1, "percent": 0.01973554371422933}, "When you want to achieve financial": {"freq": 1, "percent": 0.02009646302250804}, "you want to achieve financial freedom": {"freq": 1, "percent": 0.02009646302250804}, "want to achieve financial freedom at": {"freq": 1, "percent": 0.02009646302250804}, "When you want to achieve financial freedom": {"freq": 1, "percent": 0.020470829068577275}, "you want to achieve financial freedom at": {"freq": 1, "percent": 0.020470829068577275}, "want to achieve financial freedom at a": {"freq": 1, "percent": 0.020470829068577275}, "When you want to achieve financial freedom at": {"freq": 1, "percent": 0.020855057351407715}, "you want to achieve financial freedom at a": {"freq": 1, "percent": 0.020855057351407715}, "want to achieve financial freedom at a young": {"freq": 1, "percent": 0.020855057351407715}, "When you want to achieve financial freedom at a": {"freq": 1, "percent": 0.021244954323348206}, "you want to achieve financial freedom at a young": {"freq": 1, "percent": 0.021244954323348206}, "want to achieve financial freedom at a young age": {"freq": 1, "percent": 0.021244954323348206}, "When you want to achieve financial freedom at a young": {"freq": 1, "percent": 0.02164033758926639}, "you want to achieve financial freedom at a young age": {"freq": 1, "percent": 0.02164033758926639}, "When you want to achieve financial freedom at a young age": {"freq": 1, "percent": 0.022036139268400177}}